H2,H1,H1,H1,H1
H4,W,W,H1,W
H1,W,H1,H4,W
H1,H1,H1,H1,W
H1,H1,H1,H4,H3
H1,W,W,H2,H1
H1,H4,W,H1,W
H3,H1,W,H1,H4
H1,H1,H1,H1,H1
W,H1,H1,W,W
H2,W,W,H1,H1
W,H1,W,W,H3
W,H1,H1,W,H3
W,W,W,H1,W
H1,H1,H1,H3,H1
H1,H1,H2,W,W
H1,H1,H1,H1,W
H3,H1,H1,W,H2
W,W,H1,H1,H1
H1,W,H1,H1,H2
H2,H1,W,H2,W
H1,H3,H1,H1,H1
W,W,H1,H1,H1
H1,H1,H1,H3,H1
W,H2,W,H2,H2
H4,H4,H1,H1,H1
H1,H1,H1,H1,H1
H1,H1,H1,H1,H4
H1,H1,H1,H2,H1
W,H3,H1,W,H1
H4,W,W,H1,H2
W,H2,H1,H1,H3
W,H1,H1,H1,H1
W,H1,H1,W,H2
H1,H2,W,W,H1
H1,H1,H1,H1,W
H1,W,W,H2,H1
H1,H1,W,H4,H1
H2,H1,H2,H1,W
W,H1,H2,H3,W
H1,W,H1,H2,H1
W,H1,H4,H3,W
H3,H3,H1,W,H1
H1,H2,H3,W,H1
H3,H2,H4,H1,H4
H1,H1,H1,W,H1
H1,W,H2,H1,H4
H1,H1,H3,W,H1
H4,H4,W,H1,H1
W,H1,H2,H1,H1
H2,W,H3,H4,W
H1,H1,H3,W,H1
H2,H3,H1,H1,H1
W,W,W,W,H1
H1,W,H4,H1,H2
H1,H2,H2,H1,H1
H1,H1,H4,H1,W
W,H4,W,W,H1
H1,W,H1,W,W
H1,H1,H1,H1,H1
